<?xml version="1.0" encoding="UTF-8"?>
<beans xmlns="http://www.springframework.org/schema/beans"
       xmlns:xsi="http://www.w3.org/2001/XMLSchema-instance"
       xmlns:context="http://www.springframework.org/schema/context"
       xmlns:mybatis="http://mybatis.org/schema/mybatis-spring"
       xsi:schemaLocation="http://www.springframework.org/schema/beans
                        http://www.springframework.org/schema/beans/spring-beans.xsd http://www.springframework.org/schema/context http://www.springframework.org/schema/context/spring-context.xsd http://mybatis.org/schema/mybatis-spring http://mybatis.org/schema/mybatis-spring.xsd">

    <!--1.扫描项目下所有的bean-->
    <context:component-scan base-package="com.garen.fuka"/>

    <!--2.读取配置文件-->
    <context:property-placeholder location="classpath:jdbc.properties"/>

    <!--3.数据源配置-->
    <bean id="dataSource" class="com.alibaba.druid.pool.DruidDataSource" destroy-method="close">
        <property name="driverClassName" value="${jdbc.driver}"/>
        <property name="url" value="${jdbc.url}"/>
        <property name="username" value="${jdbc.user}"/>
        <property name="password" value="${jdbc.password}"/>
        <property name="maxActive" value="${jdbc.maxActive}"/>
        <property name="maxWait" value="${jdbc.maxWait}"/>
    </bean>

    <!--sqlsessionFactoryBean配置-->
    <bean id="sqlSessionFactoryBean" class="org.mybatis.spring.SqlSessionFactoryBean">
        <property name="dataSource" ref="dataSource"/>
        <!--实体类包-->
        <property name="typeAliasesPackage" value="com.garen.fuka.entity"/>
        <!--MAP映射文件路径-->
        <property name="mapperLocations" value="classpath:mappers/*.xml"/>
    </bean>

    <!--Mapper接口扫描器（注解方式）-->
    <mybatis:scan base-package="com.garen.fuka.dao"/>

    <!--事务管理器-->
    <bean id="dataSourceTransactionManager" class="org.springframework.jdbc.datasource.DataSourceTransactionManager">
        <property name="dataSource" ref="dataSource"/>
    </bean>

</beans>