<?xml version="1.0" encoding="UTF-8"?>
<beans xmlns="http://www.springframework.org/schema/beans"
       xmlns:xsi="http://www.w3.org/2001/XMLSchema-instance"
       xmlns:context="http://www.springframework.org/schema/context"
       xmlns:mvc="http://www.springframework.org/schema/mvc"
       xsi:schemaLocation="http://www.springframework.org/schema/beans
     http://www.springframework.org/schema/beans/spring-beans.xsd
     http://www.springframework.org/schema/context
     http://www.springframework.org/schema/context/spring-context.xsd http://www.springframework.org/schema/mvc http://www.springframework.org/schema/mvc/spring-mvc.xsd">

    <!--mvc注解配置(@Controller)-->
    <mvc:annotation-driven/>

    <!--扫描controller注解-->
    <context:component-scan base-package="com.garen.fuka.controller"/>

    <!--放行静态资源-->
    <mvc:default-servlet-handler/>
    <!--    <mvc:resources mapping="/static/" location="/ststic/"/>-->

    <!--    配置视图解析器（把servlet返回值解析到jsp页面）-->
    <bean class="org.springframework.web.servlet.view.InternalResourceViewResolver">
        <!--配置到WEB-INF无法直接访问-->
        <property name="prefix" value="/"/>
        <!--返回值后加.jsp-->
        <property name="suffix" value=".jsp"/>
    </bean>


</beans>